linea;mezzo;percorso;verso;nome;tipo_perc;lung_km;num_ferm
729;BUS;322;Di;Comasina M3 - Sesto S.G.;Canonico;9.35;26
55;BUS;475;Di;Loreto - Cim. Lambrate;Canonico;5.33;17
55;BUS;478;As;Q.re Feltre - Loreto;Barrato;4.05;13
55;BUS;479;As;Cim. Lambrate - Loreto;Canonico;5.68;17
56;BUS;3464;As;Crescenzago - Loreto;Barrato;4.79;15
56;BUS;480;As;Q.re Adriano - Loreto;Canonico;6.85;22
56;BUS;3465;Di;Loreto - Crescenzago;Barrato;5.48;20
67;BUS;583;Di;Baracca - Scanini;Canonico;8.62;30
56;BUS;654;Di;P.le Loreto - Q.re Adriano;Canonico;5.75;21
12;TRAM;2263;As;Roserio - Molise;Canonico;12.96;39
176;BUS;2982;As;Ingresso - Campo 12;Canonico;0.67;4
176;BUS;2983;Di;Campo 12 - Ingresso;Canonico;0.68;4
68;BUS;3001;Di;Bergognone - Bonola M1;Canonico;10.26;32
3;TRAM;3275;As;Gratosoglio - Cantu'/Orefici;Canonico;7.27;25
3;TRAM;3533;Di;Cantu'/Orefici - Gratosoglio;Canonico;7.19;23
90;FILOBUS;3575;Di;Lotto - Isonzo;Canonico;12.91;40
91;FILOBUS;3578;As;Isonzo - Lotto;Canonico;13.16;40
69;BUS;3732;As;M.Dorino (ramo S.Leonardo) - Firenze;Barrato;6.94;21
69;BUS;3734;As;M.Dorino (ramo Gallaratese) - Firenze;Canonico;8.19;23
4;TRAM;3848;As;Parco Nord - Maciachini;Barrato;3.77;10
4;TRAM;3851;Di;Maciachini - Parco Nord;Barrato;3.33;10
172;BUS;3976;Di;Martiri della Deportazione - Bicocca;Canonico;7.09;18
90;FILOBUS;4086;As;Isonzo - Lotto (Circolare Destra);Canonico;8.07;24
66;BUS;4039;As;Cadore - Linate;Barrato;7.66;25
88;BUS;5085;Di;Ungheria - Rogoredo FS M3;Canonico;2.40;8
91;FILOBUS;4084;Di;Lotto - Isonzo (Circolare sinistra);Canonico;8.12;25
88;BUS;5087;As;Rogoredo FS M3 - Aviazione;Barrato;5.02;15
121;BUS;4241;Di;S.Giuliano M. (De Nicola) - Stz S.Donato M3;Barrato;6.18;14
121;BUS;4242;Di;S.Giuliano M. (Stz F.S.) - Stz S.Donato M3;Canonico;6.44;15
12;TRAM;4282;Di;Molise - Roserio;Canonico;12.99;41
14;TRAM;4287;Di;Lorenteggio - Cim. Maggiore;Canonico;14.33;47
69;BUS;4404;Di;Firenze - Molino Dorino (Ramo S.Leonardo);Barrato;6.74;22
69;BUS;4405;Di;Firenze - Molino Dorino (Ramo Gallaratese);Canonico;8.14;24
424;BUS;4506;;Molino Dorino M1 - Bareggio (Gallina)                                           ;Canonico;9.41;9
424;BUS;4508;;Bareggio (Gallina) - Molino Dorino M1                                           ;Canonico;9.93;11
9;TRAM;4538;As;Stz Genova - Stz Centrale;Canonico;7.53;26
67;BUS;4540;As;Scanini - Baracca;Canonico;9.11;34
925;BUS;4701;Di;Segrate (F.lli Cervi) - Milano (Cascina Gobba M2);Barrato;3.26;9
925;BUS;4702;Di;Milano (Olgettina) - Milano (Cascina Gobba M2);Barrato;1.52;4
925;BUS;4703;Di;Milano (Udine) - Milano (Cascina Gobba M2);Canonico;6.14;14
43;BUS;4705;Di;Firenze - Greco;Canonico;7.22;25
31;TRAM;4842;Di;F.Testi/Bignami - Cinisello B.;Barrato;4.32;11
93;FILOBUS;5484;Di;Omero - Bottini;Canonico;6.87;22
121;BUS;4872;As;"Stz S.Donato M3 - S.Giuliano M (Stz F.S,)";Canonico;6.37;13
121;BUS;4873;As;Stz S.Donato M3 - S.Giuliano M (De Nicola);Barrato;6.09;12
3;TRAM;5065;Di;Torino/Spadari - Gratosoglio;Barrato;6.99;22
88;BUS;5084;As;Rogoredo FS M3 - Ungheria;Canonico;2.18;7
62;BUS;5099;As;Sire Raul - Lodi;Canonico;7.28;25
44;BUS;5569;Di;Turro - C.na Gobba;Canonico;5.33;19
901;BUS;5131;Di;Peschiara B. (Don sturzo) - Milano (S. Donato m3);Canonico;8.62;24
3;TRAM;5190;As;Gratosoglio - Torino/Duomo;Barrato;7.14;24
566;BUS;5331;;Paderno Dugnano - Milano;Canonico;11.83;33
566;BUS;5334;;Bollate (Marx) - Milano;Canonico;6.02;18
93;FILOBUS;5482;As;Bottini - Omero;Canonico;7.02;24
566;BUS;5826;;Bollate (Marx) - Milano (trans  Sauro);Canonico;4.60;13
75;BUS;5492;As;C.na Gobba M2 - Pitteri;Canonico;7.55;21
75;BUS;5494;Di;Pitteri - C.na Gobba M2;Canonico;7.47;25
705;BUS;5650;As;Cormano - Comasina M3;Canonico;6.43;12
352;BUS;5748;As;Buccinasco - Assago Forum M2;Canonico;7.35;19
705;BUS;5785;As;Cormano - Comasina M3;Barrato;5.94;11
83;BUS;5795;As;Niguarda ( Parco Nord ) - Comasina M3 ( transita Don Minzoni);Barrato;8.51;23
705;BUS;5799;Di;Comasina M3 - Cormano;Canonico;4.93;12
729;BUS;5844;Di;Cusano M. - Sesto S.G.;Barrato;5.31;16
166;BUS;6142;As;Milano (Zara) - Desio;Barrato;18.18;36
83;BUS;5804;As;Niguarda ( Parco Nord ) - Comasina M3 ( transita Don Minzoni);Barrato;8.05;22
83;BUS;5812;Di;Comasina M3 - Niguarda ( Parco Nord );Barrato;5.63;13
566;BUS;5825;;Paderno Dugnano - Milano (trans per via Sauro);Barrato;10.41;28
729;BUS;5843;As;Sesto S.G. - Cusano M.;Barrato;5.78;16
81;BUS;6203;As;Centrale - Lambrate (corse notturne);Barrato;4.00;17
166;BUS;6145;As;Parco nord - Desio;Canonico;13.43;23
81;BUS;6201;As;Sesto Marelli - Stz. Lambrate;Canonico;9.56;33
325;BUS;6244;Di;Corsico (Europa) - Milano (Romolo M2);Canonico;6.88;18
728;BUS;6252;As;Milano (Stz Centrale) - Cusano M. (Unione);Barrato;16.83;33
89;BUS;6796;As;Novate Milanese - Ciccotti;Canonico;4.74;11
902;BUS;6291;As;Milano (s.donato m3) - Peschiera b.(via dante);Canonico;9.60;22
902;BUS;6294;As;"Milano (s.donato m3) - Peschiera b. (via dante,trans. mediglia)";Canonico;12.83;28
44;BUS;6496;As;C.na Gobba - Turro;Canonico;5.86;19
701;BUS;7181;Di;Cologno Nord M2 - Cologno S. Maurizio (toti);Barrato;4.37;14
709;BUS;6567;As;Cologno Sud M2 - Cologno ( Don Minzoni );Canonico;5.34;12
40;BUS;6692;As;Bonola - Parco Nord;Canonico;14.91;40
542;BUS;7384;;Rho Fiera - Casa di Reclusione;Canonico;2.65;2
5;TRAM;6708;Di;Ospedale Maggiore - Ortica;Canonico;8.10;29
83;BUS;6736;As;C� Granda - Comasina M3;Canonico;9.04;23
83;BUS;6737;As;C� Granda - Comasina M3 ( transita Bresso Minzoni);Canonico;11.10;29
83;BUS;6740;Di;Comasina M3 - C� Granda;Canonico;8.26;22
66;BUS;6764;As;Cadore - Peschiera B.;Canonico;12.61;33
16;TRAM;7793;As;De Angeli - S.Siro;Barrato;2.60;10
16;TRAM;7794;Di;S.Siro - M.te Velino;Canonico;10.46;36
5;TRAM;6774;As;Ortica - Ospedale Maggiore;Canonico;8.20;30
31;TRAM;6777;As;Cinisello B. - Lagosta;Barrato;8.61;25
31;TRAM;6778;As;Cinisello B. - Testi/S.Monica;Barrato;5.89;16
16;TRAM;7796;Di;S.Siro - De Angeli;Barrato;2.75;10
31;TRAM;6782;Di;Bicocca M5- Cinisello B.;Canonico;5.64;15
171;BUS;7894;Di;Interno Cim.Maggiore (campo 92 campo 1);Canonico;1.11;8
7;TRAM;6791;As;Precotto - Lagosta;Canonico;6.48;20
89;BUS;6798;As;Novate Milanese - Ciccotti ( Trans. Cimitero );Barrato;6.43;15
7;TRAM;8222;As;Precotto - Testi/S. Marcellina;Barrato;3.84;12
89;BUS;6802;Di;Ciccotti - Novate Milanese;Canonico;6.22;15
89;BUS;6803;Di;Ciccotti - Novate Milanese  (Trans.Cimitero);Barrato;8.06;19
351;BUS;6807;Di;Buccinasco via Emilia - Romolo;Canonico;10.57;24
707;BUS;6844;Di;Cologno ( Via Giordano) - Cologno Nord M2;Canonico;9.65;24
62;BUS;7123;Di;Lodi - Sire Raul;Canonico;7.19;23
88;BUS;8655;Di;Aviazione - Rogoredo FS M3;Barrato;4.87;14
66;BUS;8656;Di;Peschiera B. - Cadore;Canonico;12.74;33
7;TRAM;7210;Di;Lagosta - Precotto;Canonico;6.77;18
31;TRAM;7212;Di;Lagosta - Cinisello B.;Barrato;8.67;24
31;TRAM;7214;As;Cinisello B. - Bicocca M5;Canonico;6.36;18
86;BUS;7225;As;Cna Gobba M2 - Ca' Granda M5;Canonico;8.76;29
86;BUS;7227;Di;Ca' Granda M5 - Cna Gobba M2;Canonico;8.52;29
701;BUS;7275;As;Sesto S. G. (4 Novembre) - Cologno Sud M2;Canonico;9.32;28
701;BUS;7277;Di;Cologno Sud M2 - Sesto S. G. (4 Novembre);Canonico;10.01;28
709;BUS;7285;Di;Cologno ( Don Minzoni ) - Cologno Sud M2;Canonico;5.32;12
542;BUS;7383;;Casa di Reclusione - Rho Fiera;Canonico;2.43;2
542;BUS;7435;;Passirana - Rho Fiera M1;Canonico;8.32;13
542;BUS;7436;;Rho Fiera M1 - Passirana;Canonico;9.26;14
325;BUS;7455;Di;Corsico (Resistenza) - Milano (Cantore);Barrato;7.36;23
48;BUS;8989;As;Palazzolo - Lotto M1 - M5;Canonico;3.91;14
14;TRAM;9003;As;Cim. Maggiore - Lorenteggio;Canonico;14.45;44
57;BUS;7542;Di;Cairoli - Q.to Oggiaro;Canonico;9.21;32
57;BUS;7547;As;Q.to Oggiaro - Cairoli;Canonico;9.31;30
68;BUS;7565;As;Bonola M1 - Bergognone;Canonico;10.02;34
728;BUS;7607;Di;Cusano M. (Unione) - Bignami M5;Canonico;10.78;25
728;BUS;7608;As;Bignami M5 - Cusano M. (Unione);Canonico;11.52;26
965;BUS;7612;;Pioltello - Milano;Canonico;12.08;18
965;BUS;7613;;Milano - Pioltello;Canonico;11.36;16
713;BUS;7616;As;Sesto Rimembranze - Milano Bignami M5;Canonico;7.80;27
713;BUS;7621;Di;Milano Bignami M5 - Sesto Rimembranze;Canonico;7.64;22
566;BUS;7653;;Milano - Paderno Dugnano;Canonico;12.05;28
24;TRAM;11683;Di;Fontana - Vigentino;Canonico;5.61;17
566;BUS;7654;;Milano - Paderno Dugnano (trans Sauro);Barrato;9.63;23
566;BUS;7655;;Milano - Bollate (Marx);Canonico;6.25;14
566;BUS;7657;;Milano - Bollate (Marx trans Sauro);Barrato;3.83;9
925;BUS;7691;Di;Segrate (Abruzzi) - Milano (Cascina Gobba M2);Barrato;6.42;16
98;BUS;7814;Di;Lotto M1 M5 - Famagosta M2;Canonico;8.26;23
171;BUS;7893;As;Interno Cim. Maggiore (Campo 1 Campo 92);Canonico;1.16;7
423;BUS;8056;;Milano (San Siro M5) - Settimo M. (Della Libertà)                               ;Canonico;9.16;24
423;BUS;8057;;Milano (San Siro M5) - Settimo M. (Della Libertà)                                 ;Barrato;8.83;25
49;BUS;8090;As;Tirana - Lotto M1 M5;Canonico;9.98;36
49;BUS;8093;Di;Lotto M1 M5 - Tirana;Canonico;9.62;36
80;BUS;8119;Di;De Angeli M1 - Q.to Romano;Canonico;6.13;20
24;TRAM;11684;Di;Ripamonti/Bellezza - Vigentino;Barrato;3.33;10
42;BUS;8173;As;Q.re Bicocca - Stz Centrale M2 M3;Canonico;7.56;26
42;BUS;8174;Di;Stz Centrale M2 M3 - Q.re Bicocca;Canonico;7.30;26
7;TRAM;8223;Di;Testi/ S. Marcellina - Precotto;Barrato;4.13;10
528;BUS;9319;;Molino Dorino M1 - Cim. Maggiore;Canonico;2.77;10
423;BUS;8230;;Settimo M.(della Libertà) - Milano (San Siro M5) ;Canonico;9.04;25
423;BUS;8231;;Settimo M.(della Libertà) - Milano (San Siro M5)                 ;Barrato;8.71;26
52;BUS;8305;As;Q.re Comasina - Bicocca (Universit�);Canonico;7.87;25
783;BUS;8332;As;Milano Bicocca M5 - Bresso (Don Minzoni);Canonico;4.25;9
65;BUS;8402;Di;P.ta Romana - Abbiategrasso M2;Canonico;6.42;21
79;BUS;8413;Di;Lodovica - Gratosoglio (trans. Basmetto);Canonico;8.96;26
79;BUS;8414;Di;Lodovica - Gratosoglio (transita Basmetto e Manduria);Canonico;10.09;30
230;BUS;8451;;Abbiategrasso M2 - Basiglio;Canonico;13.15;15
700;BUS;8599;As;Sesto 1 Maggio - Sesto Cimitero;Canonico;10.32;31
2;TRAM;8633;Di;Negrelli - Interno deposito Messina ( LAVORI MONTELLO );Canonico;8.39;26
92;FILOBUS;8644;Di;Isonzo - Bovisa FN;Canonico;11.00;36
66;BUS;8658;Di;Linate - Cadore;Barrato;7.70;24
901;BUS;8736;As;Milano (S. Donato M3) - Peschiera B.(Don Sturzo);Canonico;12.43;20
902;BUS;8742;Di;Peschiera B. (via Dante) - Milano (S. Donato M3);Canonico;9.48;15
87;BUS;8758;As;Villa San Giovanni M1 - Stz Centrale;Canonico;7.69;24
87;BUS;8806;Di;Stz Centrale - Villa san Giovanni M1;Canonico;7.57;21
353;BUS;8838;As;Assago (Via Del Sole) - Assago (Via Bazzana);Canonico;4.94;9
353;BUS;8839;Di;Assago (Via Bazzana) - Assago (Via Del Sole);Canonico;5.36;13
166;BUS;8842;Di;Desio - Milano (Parco Nord);Canonico;14.19;24
166;BUS;8843;Di;Desio - Milano (Zara M3);Barrato;18.03;38
174;BUS;8862;Di;Loreto - Cim. Greco - Turro;Canonico;6.69;12
48;BUS;8988;Di;M.te Rosa - Palazzolo;Canonico;1.72;5
924;BUS;9137;As;Milano (Bottini) - Segrate (S.Ambrogio);Canonico;9.63;23
924;BUS;9140;As;Milano (Bottini) - Segrate (S.Ambrogio) (senza trans. Redecesio);Barrato;8.79;20
727;BUS;9175;As;Sesto S.G.(1 Maggio) - Stz Cusano-Cormano Fn;Canonico;9.39;23
727;BUS;9177;As;Sesto S.G.(1 Maggio) - Stz Cusano-Cormano Fn ( solo domenica isola pedonale);Barrato;9.35;21
82;BUS;9212;As;Q.re Bovisasca - Zara M3 M5;Canonico;7.10;23
560;BUS;9303;;Arese (Alfa Romeo Porta est)- Milano (M1 QT8);Canonico;21.31;34
561;BUS;9305;;Arese - Rho Fiera M1;Canonico;10.29;18
561;BUS;9306;;Arese - Rho Fiera M1 (trans. Centro Commerciale);Canonico;13.73;21
561;BUS;9307;;Rho Fiera M1 - Arese;Canonico;10.88;15
561;BUS;9308;;Rho Fiera M1 - Arese (Trans. Centro Commerciale);Canonico;14.33;18
80;BUS;9309;Di;De Angeli M1 - Molino Dorino M1;Canonico;11.99;28
528;BUS;9320;;Cim. Maggiore - Molino Dorino M1;Canonico;2.99;9
528;BUS;9361;;Rho (Capuana) - Cim. Maggiore;Barrato;11.96;24
528;BUS;9362;;Cim. Maggiore - Rho (Capuana);Barrato;12.07;24
19;TRAM;9366;Di;Castelli - Lambrate;Canonico;12.45;43
19;TRAM;9398;As;Lambrate - Castelli;Canonico;12.28;43
84;BUS;9693;Di;Augusto - Martini;Barrato;4.74;17
151;BUS;9696;As;Molino Dorino M1 - Sesto FS;Canonico;22.15;35
77;BUS;9439;As;Poasco - P.le Lodi;Canonico;7.44;20
77;BUS;9443;Di;P.le Lodi - Poasco;Canonico;7.43;20
53;BUS;9629;As;Sesto Marelli - Stz Lambrate;Canonico;9.44;31
783;BUS;9778;Di;Bresso Don Minzoni - Milano Bicocca M5;Canonico;4.66;10
53;BUS;9632;As;Sesto Marelli - Stz Lambrate (mercato Sabato);Barrato;8.72;29
38;BUS;9924;Di;Susa - Corelli;Barrato;3.40;11
115;BUS;9665;Di;P.za Diaz - Gratosoglio;Canonico;7.96;21
55;BUS;9941;Di;Loreto - Q.re Feltre;Barrato;3.83;14
60;BUS;9670;Di;L.go Augusto - Zara M3 M5;Canonico;6.59;24
84;BUS;9692;Di;Augusto - S. Donato M3;Canonico;11.43;34
81;BUS;10007;Di;Lambrate - Centrale (corse notturne);Barrato;4.00;16
65;BUS;9746;As;Abbiategrasso M2 - P.ta Romana M3 (trans. Via Sforza);Canonico;10.95;37
65;BUS;9747;As;Abbiategrasso M2 - P.ta Romana M3;Barrato;7.02;23
165;BUS;9750;As;Comasina M3 - Limbiate;Canonico;12.32;19
708;BUS;9779;As;Niguarda (Parco Nord) - Sesto Rond� M1;Canonico;8.92;25
1;TRAM;9864;As;Greco - Roserio (LAV. SEMPIONE);Canonico;13.87;46
1;TRAM;9866;Di;Roserio - Greco (LAV. SEMPIONE);Canonico;13.72;46
58;BUS;9878;As;Noale - Minghetti;Canonico;11.15;37
98;BUS;9899;As;Famagosta M2 - Lotto M1 M5;Canonico;7.86;23
15;TRAM;9901;Di;Dogana M1 M3 - Rozzano Via G. Rossa;Canonico;11.78;32
15;TRAM;9902;Di;Porta Lodovica - Rozzano Via G. Rossa;Barrato;10.27;28
15;TRAM;9903;As;Rozzano Via G. Rossa - Dogana M1 M3;Canonico;11.39;32
15;TRAM;9904;As;Rozzano Via G. Rossa - Giambologna/Tabacchi;Barrato;9.69;27
79;BUS;9922;As;Gratosoglio - Lodovica (transita in C.na Basmetto);Barrato;8.72;28
38;BUS;9925;Di;Susa - Novegro;Canonico;6.32;16
41;BUS;9958;Di;FN Bruzzano - Q.re Boviscasca;Canonico;6.47;21
701;BUS;10097;As;Cologno M.se (toti) - Cologno Nord M2;Barrato;4.37;13
729;BUS;10109;As;Sesto S.G. - Comasina M3;Canonico;10.34;23
9;TRAM;9962;Di;Stz Centrale - Stz Genova;Canonico;7.58;26
126;BUS;9970;As;Centrale FS M2 M3 - Cadorna FN M1 M2;Canonico;10.87;26
126;BUS;9971;Di;Cadorna FN M1 M2 - Centrale FS M2 M3;Canonico;5.26;9
702;BUS;9982;As;Cologno Nord M2 - Cinisello Sant' Eusebio;Canonico;16.66;42
702;BUS;9984;Di;Cinisello Sant'Eusebio - Cologno Nord M2;Canonico;13.97;36
84;BUS;10124;As;Martini - Augusto;Barrato;4.48;15
924;BUS;10144;As;Milano (Bottini) - Vimodrone (C.na Burrona);Barrato;15.01;35
81;BUS;10006;Di;Stz. Lambrate - Sesto Marelli;Canonico;9.50;33
924;BUS;10145;As;Milano (Bottini) - Vimodrone (C.na Burrona) (senza trans. Redecesio);Barrato;14.17;32
125;BUS;10011;As;Centrale FS M2 M3 - Cadorna FN M1 M2;Canonico;5.72;9
64;BUS;10300;Di;Bonola M1 - Corsico;Canonico;17.67;47
64;BUS;10303;Di;Bonola M1 - Molinetto;Barrato;11.40;31
165;BUS;10013;Di;Limbiate - Comasina M3;Canonico;12.76;18
61;BUS;10017;Di;Napoli - L.go Murani;Canonico;11.07;41
115;BUS;10025;As;Gratosoglio - P.za Diaz;Canonico;7.35;21
151;BUS;10036;Di;Sesto FS - Molino Dorino;Canonico;22.27;36
152;BUS;10042;Di;Abbiategrasso - Cascina Gobba  (nM2);Canonico;21.69;27
153;BUS;10044;Di;Comasina M3 - San Donato M3;Canonico;21.58;29
35;BUS;10053;As;Molino Dorino M1 - Porretta;Canonico;8.33;16
70;BUS;10440;Di;Maciachini M3 - Cim. Bruzzano;Canonico;4.68;15
352;BUS;10063;Di;Assago Forum M2 - Buccinasco;Canonico;5.65;16
47;BUS;10072;Di;Romolo M2 - Bisceglie M1;Canonico;9.34;25
50;BUS;10074;As;Lorenteggio - Cairoli M1;Canonico;7.55;22
50;BUS;10075;As;Lorenteggio/Primule - Cairoli M1;Barrato;5.20;15
70;BUS;10441;Di;Maciachini M3 - Q.re Bruzzano;Barrato;4.82;18
78;BUS;10491;As;Govone - Bisceglie M1;Canonico;14.89;42
53;BUS;10077;Di;Stz Lambrate - Sesto Marelli M1;Canonico;9.48;32
78;BUS;10492;Di;Bisceglie M1 - Govone;Canonico;12.82;43
55;BUS;10081;As;Segrate (Lavanderie) - Loreto (dirette);Barrato;6.74;16
60;BUS;10084;As;Zara M3 M5 - L.go Augusto;Canonico;6.22;23
46;BUS;11343;Di;Q.re Cantalupa - Famagosta M2;Canonico;3.19;8
64;BUS;10089;As;Molinetto - Bonola M1;Canonico;9.56;28
73;BUS;10111;As;Aeroporto - Duomo M1 M3;Canonico;7.54;20
73;BUS;10112;As;Peschiera B. - Duomo M1 M3 (trans. IBM);Barrato;16.50;34
73;BUS;10113;As;Peschiera B - Duomo M1 M3;Barrato;16.14;33
73;BUS;10115;Di;Duomo M1 M3 - Aeroporto;Canonico;7.30;19
73;BUS;10116;Di;Duomo M1 M3 - Peschiera B. (trans. IBM);Barrato;15.54;34
73;BUS;10117;Di;Duomo M1 M3 - Peschiera B.;Barrato;15.34;33
38;BUS;11994;As;Corelli -  Susa;Barrato;3.77;12
84;BUS;10123;As;S. Donato M3 - Augusto;Canonico;9.91;30
130;BUS;12179;Di;S.Giuliano M.se - S. Donato M3 (mercato sabato);Barrato;10.73;26
925;BUS;10146;As;Milano (Cascina Gobba M2) - Segrate (F.lli Cervi);Barrato;3.11;10
925;BUS;10147;As;Milano (Cascina Gobba M2) - Milano (via Olgettina);Barrato;1.49;5
925;BUS;10148;As;Milano (Cascina Gobba M2) - Milano (Udine);Canonico;6.72;17
925;BUS;10149;As;Milano (Cascina Gobba M2) - Segrate (Abruzzi);Barrato;6.23;16
926;BUS;10150;As;Peschiera B. (San Felicino) - Segrate FS;Canonico;5.05;7
926;BUS;10151;Di;Segrate FS - Peschiera B. (San Felicino);Canonico;4.81;7
94;BUS;10152;As;P.ta Volta - Minghetti;Canonico;7.15;27
95;BUS;10158;As;Rogoredo - Barona;Canonico;8.83;30
95;BUS;10159;Di;Barona - Rogoredo;Canonico;9.41;30
125;BUS;10295;Di;(LAV. 5 GIORNATE) Cadorna FN M1 M2 - Centrale FS M2 M3;Canonico;11.21;26
80;BUS;10304;As;Q.to Romano - De Angeli M1;Canonico;6.69;22
80;BUS;10306;As;Molino Dorino M1 - De Angeli M1;Canonico;12.32;27
174;BUS;10330;As;(LAVORI V.le MONZA) Turro - Cim. Greco - Loreto;Canonico;9.32;22
51;BUS;10334;As;Cimiano M2  -  Zara M3 M5;Canonico;11.31;33
51;BUS;10338;Di;Zara M3 M5 -  Cimiano M2;Canonico;10.78;37
708;BUS;10386;Di;Sesto Rond� M1 - Niguarda ( Parco Nord );Canonico;7.87;19
700;BUS;10401;Di;Sesto Cimitero - Sesto 1 Maggio;Canonico;9.44;28
33;TRAM;10503;As;Rimembranze di Lambrate - Interno Deposito Messina  ( LAVORI ponte di Farini);Canonico;7.56;24
328;BUS;10536;;Assago - Pieve E. (Stazione FS);Canonico;10.94;27
328;BUS;10537;;Assago M2 - Rozzano ;Barrato;3.85;11
328;BUS;10538;;Pieve E. (Stazione FS) - Assago;Canonico;11.48;28
328;BUS;10539;;Rozzano - Assago M2;Barrato;3.73;12
220;BUS;10544;;Rozzano - Locate Triulzi;Canonico;19.96;35
220;BUS;10545;;Rozzano - Pieve;Barrato;16.28;39
220;BUS;10547;;Locate Triulzi - Rozzano;Canonico;20.77;35
220;BUS;10548;;Pieve - Rozzano;Barrato;15.50;35
92;FILOBUS;10552;As;Bovisa FN - Isonzo;Canonico;10.51;31
924;BUS;10556;Di;Segrate (S.Ambrogio) - Milano (Bottini);Canonico;11.08;28
924;BUS;10557;Di;Segrate (S.Ambrogio) - Milano (Bottini) (senza trans. Redecesio);Barrato;10.20;25
230;BUS;10567;;Basiglio - Abbiategrasso M2;Canonico;14.06;16
172;BUS;10590;As;Bicocca - Cim. Bruzzano;Canonico;7.39;16
63;BUS;10769;Di;De Angeli M1 - Muggiano;Canonico;10.02;31
63;BUS;10770;Di;63/ Bisceglie M1 - Muggiano;Barrato;6.12;19
35;BUS;11002;Di;Porretta - Molino Dorino M1;Canonico;7.65;14
560;BUS;11090;;Milano (M1 QT8) - Arese (Alfa Romeo Porta est);Canonico;19.78;34
63;BUS;11197;As;63/ Muggiano - Bisceglie M1;Barrato;5.76;18
63;BUS;11198;As;Muggiano - De Angeli M1;Canonico;10.07;32
151;BUS;11200;As;Q.re Olmi - Cairoli M1;Canonico;10.23;23
151;BUS;11202;Di;Cairoli M1 - Q.re Olmi;Canonico;11.85;27
50;BUS;11297;Di;Cairoli - Lorenteggio;Canonico;8.00;27
58;BUS;11299;Di;Minghetti  - Noale;Canonico;11.71;39
431;BUS;11301;;Rho FS - Bereggio;Canonico;9.84;16
431;BUS;11304;;Bareggio - Rho FS;Canonico;9.71;15
40;BUS;11322;Di;Parco Nord - Bonola M1;Canonico;15.16;46
52;BUS;11326;Di;Bicocca - Q.re Comasina;Canonico;7.98;23
39;BUS;11333;As;Loreto - Pitteri;Canonico;5.09;17
24;TRAM;11628;As;Vigentino - Fontana;Canonico;5.56;18
39;BUS;11334;As;Loreto - Redecesio;Barrato;7.59;24
39;BUS;11335;Di;Pitteri - Loreto (MOM SOSPESO);Canonico;5.10;16
124;BUS;11635;Di;Duomo - Vigentino;Canonico;5.64;17
39;BUS;11336;Di;Redecesio - Loreto (MOM SOSPESO);Barrato;7.21;22
59;BUS;11344;As;Famagosta M2 - Lodovica;Canonico;4.83;16
59;BUS;11345;As;Famagosta M2 - Lodovica (mercato sabato);Barrato;4.82;16
59;BUS;11346;Di;Lodovica - Famagosta M2;Canonico;4.83;13
325;BUS;12390;As;Milano (Romolo M2) - Corsico (Europa);Canonico;6.65;17
59;BUS;11347;Di;Lodovica - Famagosta M2 (mercato sabato);Barrato;4.94;13
71;BUS;11348;As;Romolo M2 - Famagosta M2;Canonico;7.21;20
71;BUS;11350;As;Romolo M2 - Lodovica;Barrato;12.08;35
74;BUS;11353;As;Famagosta M2 - Cantore;Canonico;7.25;28
71;BUS;11357;Di;Famagosta M2 - Romolo M2;Canonico;7.06;22
71;BUS;11358;Di;Lodovica - Romolo M2;Barrato;12.64;37
55;BUS;11383;Di;Loreto - Segrate (Lavanderie);Barrato;6.86;16
46;BUS;11405;As;Famagosta M2 - Cantalupa;Canonico;4.11;4
74;BUS;11424;Di;Cantore - Famagosta M2;Canonico;7.77;26
152;BUS;11425;As;Cascina Gobba - Abbiategrasso (nM2);Canonico;21.40;26
43;BUS;11524;As;Greco - Firenze;Canonico;7.88;28
707;BUS;11608;As;Cologno Nord M2 - Cologno ( Via Giordano);Canonico;9.24;24
34;BUS;11632;As;Toffetti - Q.re Fatima;Canonico;4.89;16
99;BUS;11652;As;Noverasco - Vigentino;Canonico;3.90;7
34;BUS;11633;Di;Q.re Fatima - Toffetti;Canonico;4.89;14
124;BUS;11634;As;Vigentino - Duomo;Canonico;5.33;16
99;BUS;11653;Di;Vigentino - Noverasco;Canonico;4.82;8
222;BUS;11656;;Milano (Ripamonti) - Pieve E. (Coppi) (trans. in zerbo)                         ;Canonico;12.83;24
222;BUS;11657;;Pieve E. (Staz FS) - Milano (Ripamonti)                                            ;Canonico;12.05;23
45;BUS;11662;Di;Stz Lambrate M2 - San Donato M3;Canonico;12.34;33
45;BUS;11664;As;San Donato M3 - Stz. Lambrate;Canonico;12.64;35
175;BUS;11677;As;P.te Lambro - Cim. Lambrate;Canonico;11.97;37
175;BUS;11678;Di;Cim. Lambrate - P.te lambro;Canonico;13.52;43
27;TRAM;11709;As;Fontana - Ungheria;Canonico;6.76;23
27;TRAM;11713;Di;Ungheria - 22 Marzo;Barrato;5.43;19
27;TRAM;11716;Di;Ungheria - Fontana;Canonico;6.58;23
127;BUS;11722;As;Ungheria - P.za Diaz;Canonico;7.53;24
10;TRAM;11767;As;Lunigiana -24 Maggio;Canonico;9.22;35
10;TRAM;11790;Di;24 Maggio - Lunigiana;Canonico;9.19;35
132;BUS;11825;Di;S. Donato (Di Vittorio) - S. Donato M3 (Marignano);Canonico;8.91;25
127;BUS;11837;Di;P.za Diaz - Ungheria;Canonico;7.96;23
38;BUS;11993;As;Novegro - Susa;Canonico;6.42;17
712;BUS;12017;Di;Sesto F.S. - Cinisello ( Musu );Canonico;6.59;15
351;BUS;12021;As;Romolo - Buccinasco  Emilia;Canonico;11.24;24
140;BUS;12073;Di;Cefalonia - Rogoredo;Canonico;16.04;32
140;BUS;12074;As;Rogoredo - Cefalonia;Canonico;15.60;29
712;BUS;12114;As;Cinisello ( Musu ) - Sesto F.S.;Canonico;7.01;17
201;BUS;12132;;Rozzano (Alberelle) - Rozzano (Milano);Canonico;8.05;25
61;BUS;12142;As;Murani - P.za Napoli;Canonico;10.44;34
54;BUS;12145;As;Stz Lambrate - Baracchini;Canonico;7.74;29
54;BUS;12146;Di;Baracchini - Stz Lambrate;Canonico;8.58;31
16;TRAM;12162;As;M.te Velino - S.Siro;Canonico;10.17;35
16;TRAM;12163;As;M.te Velino - De Angeli;Barrato;7.62;26
201;BUS;12174;;Rozzano (Milano) - Rozzano (Alberelle);Canonico;6.45;19
130;BUS;12176;As;S.Donato M3 - S.Giuliano M.se (mercato sabato);Barrato;10.32;26
130;BUS;12177;As;S.Donato M3 - S.Giuliano M.se;Canonico;9.68;27
130;BUS;12178;Di;S.Giuliano M.se - S. Donato M3;Canonico;9.85;27
132;BUS;12196;As;S. Donato M3 (Marignano) - S. Donato ( Di Vittorio);Canonico;6.62;19
727;BUS;12198;Di;Stz Cormano-Cusano Fn - Sesto S.G. (1 Maggio);Canonico;9.20;23
41;BUS;12229;As;Q.re Bovisasca - FN Bruzzano;Canonico;8.27;26
41;BUS;12230;As;Q.re Bovisasca - FN Bruzzano (mercato Sabato);Barrato;8.07;26
76;BUS;12245;As;Madonna della Provvidenza - Bisceglie M1;Canonico;8.95;22
76;BUS;12248;Di;Bisceglie M1 - Madonna della Provvidenza;Canonico;8.44;19
47;BUS;12254;As;Bisceglie M1 - Romolo M2;Canonico;11.83;32
322;BUS;12271;As;Milano (Bisceglie) - C.Boscone (Gramsci);Canonico;6.36;17
322;BUS;12273;Di;C.Boscone (Gramsci) - Milano (Bisceglie);Canonico;6.24;18
433;BUS;12276;;Bisceglie M1 - Cornaredo (Artigianato);Canonico;14.04;23
433;BUS;12277;;Bisceglie M1 - Bareggio (C.na Brughiera);Barrato;17.43;26
433;BUS;12278;;Bisceglie M1 - Rho FS;Barrato;17.16;25
433;BUS;12280;;Cornaredo (Artigianato) - Bisceglie M1;Canonico;14.61;23
433;BUS;12281;;Bareggio (C.na Brughiera) - Bisceglie M1;Barrato;17.40;26
433;BUS;12282;;Rho FS - Bisceglie M1;Barrato;17.23;25
323;BUS;12283;Di;Cesano Boscone FS - Milano (Bisceglie M1);Canonico;7.87;19
323;BUS;12284;As;Milano (Bisceglie M1) - Cesano  Boscone FS;Canonico;7.71;14
321;BUS;12290;As;Bisceglie M1 - Assago Forum M2;Canonico;12.82;35
321;BUS;12292;As;Bisceglie M1 - Buccinasco (Lario);Barrato;8.27;23
321;BUS;12293;Di;Assago Forum M2 - Bisceglie M1;Canonico;13.05;36
321;BUS;12296;Di;Buccinasco (Lario) - Bisceglie M1;Barrato;7.10;21
327;BUS;12304;As;Milano (Bisceglie M1) - Trezzano S.N. (Morona);Canonico;8.79;18
327;BUS;12305;As;Milano (Bisceglie M1) - Cusago (A. da Baggio);Barrato;11.93;21
327;BUS;12306;As;Milano (Bisceglie M1) - Trezzano S.N. (L.da Vinci);Barrato;9.81;19
327;BUS;12309;Di;Trezzano S.N. (Morona) - Milano (Bisceglie M1);Canonico;8.36;16
327;BUS;12310;Di;Cusago (A. da Baggio) - Milano (Bisceglie M1);Barrato;11.39;20
327;BUS;12311;Di;Trezzano S.N. (Petrella) - Milano (Bisceglie M1);Barrato;8.99;17
153;BUS;12314;As;San Donato M3 - Comasina M3;Canonico;19.60;30
924;BUS;12336;Di;Vimodrone (C.na Burrona) - Milano (Bottini) (senza trans. Redecesio);Barrato;13.90;32
924;BUS;12337;Di;Vimodrone (C.na Burrona) - Milano (Bottini);Barrato;14.78;35
33;TRAM;12340;Di;Interno Deposito Messina - Rimembranze di Lambrate ( LAVORI ponte di Farini);Canonico;6.92;25
82;BUS;12352;Di;Zara M3 M5 - Q.re Bovisasca (LAVORI ponte Farini);Canonico;9.43;31
70;BUS;12353;As;Cim. Bruzzano - Maciachini M3 (LAVORI ponte Farini);Canonico;7.08;23
70;BUS;12354;As;Q.re Bruzzano - Maciachini M3 (LAVORI ponte Farini);Barrato;6.01;20
94;BUS;12363;Di;Minghetti - P.ta Volta (LAVORI MONTELLO);Canonico;6.80;23
2;TRAM;12380;As;Interno deposito Messina - Negrelli ( LAVORI MONTELLO );Canonico;7.80;26
325;BUS;12389;As;Milano (Cantore) - Corsico (Resistenza);Barrato;7.50;22
